
{
  "openapi": "3.0.1",
  "info": {
    "title": "OpenAPI definition",
    "version": "v0"
  },
  "servers": [
    {
      "url": "http://localhost:8080",
      "description": "Generated server url"
    }
  ],
  "paths": {
    "/reservation/rooms/": {
      "get": {
        "tags": [
          "room-controller"
        ],
        "operationId": "all",
        "responses": {
          "200": {
            "description": "OK",
            "content": {
              "*/*": {
                "schema": {
                  "type": "array",
                  "items": {
                    "$ref": "#/components/schemas/Room"
                  }
                }
              }
            }
          }
        }
      },
      "post": {
        "tags": [
          "room-controller"
        ],
        "operationId": "create",
        "requestBody": {
          "content": {
            "application/json": {
              "schema": {
                "$ref": "#/components/schemas/RoomTO"
              }
            }
          },
          "required": true
        },
        "responses": {
          "200": {
            "description": "OK",
            "content": {
              "*/*": {
                "schema": {
                  "$ref": "#/components/schemas/Room"
                }
              }
            }
          }
        }
      }
    },
    "/reservation/reservations/{roomId}{userId}": {
      "post": {
        "tags": [
          "reservation-controller"
        ],
        "operationId": "reserve",
        "parameters": [
          {
            "name": "roomId",
            "in": "path",
            "required": true,
            "schema": {
              "type": "integer",
              "format": "int32"
            }
          },
          {
            "name": "userId",
            "in": "path",
            "required": true,
            "schema": {
              "type": "integer",
              "format": "int32"
            }
          }
        ],
        "requestBody": {
          "content": {
            "application/json": {
              "schema": {
                "type": "array",
                "items": {
                  "type": "string",
                  "format": "date-time"
                }
              }
            }
          },
          "required": true
        },
        "responses": {
          "200": {
            "description": "OK",
            "content": {
              "*/*": {
                "schema": {
                  "$ref": "#/components/schemas/Reservation"
                }
              }
            }
          }
        }
      }
    },
    "/reservation/reservations/": {
      "get": {
        "tags": [
          "reservation-controller"
        ],
        "operationId": "all_1",
        "responses": {
          "200": {
            "description": "OK",
            "content": {
              "*/*": {
                "schema": {
                  "type": "array",
                  "items": {
                    "$ref": "#/components/schemas/Reservation"
                  }
                }
              }
            }
          }
        }
      },
      "post": {
        "tags": [
          "reservation-controller"
        ],
        "operationId": "create_1",
        "requestBody": {
          "content": {
            "application/json": {
              "schema": {
                "$ref": "#/components/schemas/Reservation"
              }
            }
          },
          "required": true
        },
        "responses": {
          "200": {
            "description": "OK",
            "content": {
              "*/*": {
                "schema": {
                  "$ref": "#/components/schemas/Reservation"
                }
              }
            }
          }
        }
      }
    },
    "/reservation/buildings/": {
      "get": {
        "tags": [
          "building-controller"
        ],
        "operationId": "all_2",
        "responses": {
          "200": {
            "description": "OK",
            "content": {
              "*/*": {
                "schema": {
                  "type": "array",
                  "items": {
                    "$ref": "#/components/schemas/Building"
                  }
                }
              }
            }
          }
        }
      },
      "post": {
        "tags": [
          "building-controller"
        ],
        "operationId": "create_2",
        "requestBody": {
          "content": {
            "application/json": {
              "schema": {
                "$ref": "#/components/schemas/Building"
              }
            }
          },
          "required": true
        },
        "responses": {
          "200": {
            "description": "OK",
            "content": {
              "*/*": {
                "schema": {
                  "$ref": "#/components/schemas/Building"
                }
              }
            }
          }
        }
      }
    },
    "/reservation/rooms/{buildingName}": {
      "get": {
        "tags": [
          "room-controller"
        ],
        "operationId": "allInBuilding",
        "parameters": [
          {
            "name": "buildingName",
            "in": "path",
            "required": true,
            "schema": {
              "type": "string"
            }
          }
        ],
        "responses": {
          "200": {
            "description": "OK",
            "content": {
              "*/*": {
                "schema": {
                  "type": "array",
                  "items": {
                    "$ref": "#/components/schemas/Room"
                  }
                }
              }
            }
          }
        }
      }
    },
    "/reservation/rooms/{buildingName},{number}": {
      "get": {
        "tags": [
          "room-controller"
        ],
        "operationId": "one",
        "parameters": [
          {
            "name": "buildingName",
            "in": "path",
            "required": true,
            "schema": {
              "type": "string"
            }
          },
          {
            "name": "number",
            "in": "path",
            "required": true,
            "schema": {
              "type": "integer",
              "format": "int32"
            }
          }
        ],
        "responses": {
          "200": {
            "description": "OK",
            "content": {
              "*/*": {
                "schema": {
                  "$ref": "#/components/schemas/Room"
                }
              }
            }
          }
        }
      }
    },
    "/reservation/rooms/time/{id}": {
      "get": {
        "tags": [
          "room-controller"
        ],
        "operationId": "whenIsFree",
        "parameters": [
          {
            "name": "id",
            "in": "path",
            "required": true,
            "schema": {
              "type": "integer",
              "format": "int32"
            }
          },
          {
            "name": "request",
            "in": "query",
            "required": true,
            "schema": {
              "$ref": "#/components/schemas/TimeRequest"
            }
          }
        ],
        "responses": {
          "200": {
            "description": "OK",
            "content": {
              "*/*": {
                "schema": {
                  "type": "array",
                  "items": {
                    "$ref": "#/components/schemas/AvailabilityAt"
                  }
                }
              }
            }
          }
        }
      }
    },
    "/reservation/rooms/filter": {
      "get": {
        "tags": [
          "room-controller"
        ],
        "operationId": "filter",
        "parameters": [
          {
            "name": "request",
            "in": "query",
            "required": true,
            "schema": {
              "$ref": "#/components/schemas/RoomFilterRequest"
            }
          }
        ],
        "responses": {
          "200": {
            "description": "OK",
            "content": {
              "*/*": {
                "schema": {
                  "type": "array",
                  "items": {
                    "$ref": "#/components/schemas/Room"
                  }
                }
              }
            }
          }
        }
      }
    },
    "/reservation/reservations/{id}": {
      "get": {
        "tags": [
          "reservation-controller"
        ],
        "operationId": "one_1",
        "parameters": [
          {
            "name": "id",
            "in": "path",
            "required": true,
            "schema": {
              "type": "integer",
              "format": "int32"
            }
          }
        ],
        "responses": {
          "200": {
            "description": "OK",
            "content": {
              "*/*": {
                "schema": {
                  "$ref": "#/components/schemas/Reservation"
                }
              }
            }
          }
        }
      },
      "delete": {
        "tags": [
          "reservation-controller"
        ],
        "operationId": "delete_1",
        "parameters": [
          {
            "name": "id",
            "in": "path",
            "required": true,
            "schema": {
              "type": "integer",
              "format": "int32"
            }
          }
        ],
        "responses": {
          "200": {
            "description": "OK",
            "content": {
              "*/*": {
                "schema": {
                  "$ref": "#/components/schemas/Reservation"
                }
              }
            }
          }
        }
      }
    },
    "/reservation/reservations/{email}{createdAt}": {
      "get": {
        "tags": [
          "reservation-controller"
        ],
        "operationId": "one_2",
        "parameters": [
          {
            "name": "email",
            "in": "path",
            "required": true,
            "schema": {
              "type": "string"
            }
          },
          {
            "name": "createdAt",
            "in": "path",
            "required": true,
            "schema": {
              "type": "string",
              "format": "date-time"
            }
          }
        ],
        "responses": {
          "200": {
            "description": "OK",
            "content": {
              "*/*": {
                "schema": {
                  "$ref": "#/components/schemas/Reservation"
                }
              }
            }
          }
        }
      }
    },
    "/reservation/reservations/user/{userId}": {
      "get": {
        "tags": [
          "reservation-controller"
        ],
        "operationId": "allByUserId",
        "parameters": [
          {
            "name": "userId",
            "in": "path",
            "required": true,
            "schema": {
              "type": "integer",
              "format": "int32"
            }
          }
        ],
        "responses": {
          "200": {
            "description": "OK",
            "content": {
              "*/*": {
                "schema": {
                  "type": "array",
                  "items": {
                    "$ref": "#/components/schemas/Reservation"
                  }
                }
              }
            }
          }
        }
      }
    },
    "/reservation/reservations/user/email/{email}": {
      "get": {
        "tags": [
          "reservation-controller"
        ],
        "operationId": "allByUserEmail",
        "parameters": [
          {
            "name": "email",
            "in": "path",
            "required": true,
            "schema": {
              "type": "string"
            }
          }
        ],
        "responses": {
          "200": {
            "description": "OK",
            "content": {
              "*/*": {
                "schema": {
                  "type": "array",
                  "items": {
                    "$ref": "#/components/schemas/Reservation"
                  }
                }
              }
            }
          }
        }
      }
    },
    "/reservation/buildings/{name}": {
      "get": {
        "tags": [
          "building-controller"
        ],
        "operationId": "oneByName",
        "parameters": [
          {
            "name": "name",
            "in": "path",
            "required": true,
            "schema": {
              "type": "string"
            }
          }
        ],
        "responses": {
          "200": {
            "description": "OK",
            "content": {
              "*/*": {
                "schema": {
                  "$ref": "#/components/schemas/Building"
                }
              }
            }
          }
        }
      },
      "delete": {
        "tags": [
          "building-controller"
        ],
        "operationId": "deleteByName",
        "parameters": [
          {
            "name": "name",
            "in": "path",
            "required": true,
            "schema": {
              "type": "string"
            }
          }
        ],
        "responses": {
          "200": {
            "description": "OK",
            "content": {
              "*/*": {
                "schema": {
                  "$ref": "#/components/schemas/Building"
                }
              }
            }
          }
        }
      }
    },
    "/reservation/buildings/{id}": {
      "get": {
        "tags": [
          "building-controller"
        ],
        "operationId": "one_3",
        "parameters": [
          {
            "name": "id",
            "in": "path",
            "required": true,
            "schema": {
              "type": "integer",
              "format": "int32"
            }
          }
        ],
        "responses": {
          "200": {
            "description": "OK",
            "content": {
              "*/*": {
                "schema": {
                  "$ref": "#/components/schemas/Building"
                }
              }
            }
          }
        }
      },
      "delete": {
        "tags": [
          "building-controller"
        ],
        "operationId": "delete_2",
        "parameters": [
          {
            "name": "id",
            "in": "path",
            "required": true,
            "schema": {
              "type": "integer",
              "format": "int32"
            }
          }
        ],
        "responses": {
          "200": {
            "description": "OK",
            "content": {
              "*/*": {
                "schema": {
                  "$ref": "#/components/schemas/Building"
                }
              }
            }
          }
        }
      }
    },
    "/reservation/buildings/rooms": {
      "get": {
        "tags": [
          "building-controller"
        ],
        "operationId": "allWithRooms",
        "responses": {
          "200": {
            "description": "OK",
            "content": {
              "*/*": {
                "schema": {
                  "type": "array",
                  "items": {
                    "$ref": "#/components/schemas/BuildingWithRoomsResponse"
                  }
                }
              }
            }
          }
        }
      }
    },
    "/reservation/buildings/rooms/{id}": {
      "get": {
        "tags": [
          "building-controller"
        ],
        "operationId": "oneWithRooms",
        "parameters": [
          {
            "name": "id",
            "in": "path",
            "required": true,
            "schema": {
              "type": "integer",
              "format": "int32"
            }
          }
        ],
        "responses": {
          "200": {
            "description": "OK",
            "content": {
              "*/*": {
                "schema": {
                  "$ref": "#/components/schemas/BuildingWithRoomsResponse"
                }
              }
            }
          }
        }
      }
    },
    "/reservation/rooms/{name},{number}": {
      "delete": {
        "tags": [
          "room-controller"
        ],
        "operationId": "delete",
        "parameters": [
          {
            "name": "name",
            "in": "path",
            "required": true,
            "schema": {
              "type": "string"
            }
          },
          {
            "name": "number",
            "in": "path",
            "required": true,
            "schema": {
              "type": "integer",
              "format": "int32"
            }
          }
        ],
        "responses": {
          "200": {
            "description": "OK",
            "content": {
              "*/*": {
                "schema": {
                  "$ref": "#/components/schemas/Room"
                }
              }
            }
          }
        }
      }
    }
  },
  "components": {
    "schemas": {
      "RoomTO": {
        "type": "object",
        "properties": {
          "number": {
            "type": "integer",
            "format": "int32"
          },
          "floor": {
            "type": "integer",
            "format": "int32"
          },
          "buildingId": {
            "type": "integer",
            "format": "int32"
          },
          "places": {
            "type": "integer",
            "format": "int32"
          },
          "roomType": {
            "type": "string",
            "enum": [
              "LECTURE_ROOM",
              "WORKSHOP",
              "COMPUTERS_ROOM",
              "CHEMISTRY_LABORATORY",
              "OFFICE"
            ]
          },
          "projector": {
            "type": "boolean"
          }
        }
      },
      "Building": {
        "type": "object",
        "properties": {
          "id": {
            "type": "integer",
            "format": "int32"
          },
          "name": {
            "type": "string"
          },
          "latitude": {
            "type": "number",
            "format": "double"
          },
          "longitude": {
            "type": "number",
            "format": "double"
          }
        }
      },
      "Room": {
        "type": "object",
        "properties": {
          "id": {
            "type": "integer",
            "format": "int32"
          },
          "number": {
            "type": "integer",
            "format": "int32"
          },
          "floor": {
            "type": "integer",
            "format": "int32"
          },
          "building": {
            "$ref": "#/components/schemas/Building"
          },
          "places": {
            "type": "integer",
            "format": "int32"
          },
          "roomType": {
            "type": "string",
            "enum": [
              "LECTURE_ROOM",
              "WORKSHOP",
              "COMPUTERS_ROOM",
              "CHEMISTRY_LABORATORY",
              "OFFICE"
            ]
          },
          "projector": {
            "type": "boolean"
          }
        }
      },
      "Reservation": {
        "type": "object",
        "properties": {
          "id": {
            "type": "integer",
            "format": "int32"
          },
          "createdAt": {
            "type": "string",
            "format": "date-time"
          },
          "reservedFrom": {
            "type": "string",
            "format": "date-time"
          },
          "reservedTo": {
            "type": "string",
            "format": "date-time"
          },
          "user": {
            "$ref": "#/components/schemas/User"
          },
          "room": {
            "$ref": "#/components/schemas/Room"
          }
        }
      },
      "User": {
        "type": "object",
        "properties": {
          "id": {
            "type": "integer",
            "format": "int32"
          },
          "firstname": {
            "type": "string"
          },
          "lastname": {
            "type": "string"
          },
          "email": {
            "type": "string"
          },
          "password": {
            "type": "string",
            "writeOnly": true
          }
        }
      },
      "TimeRequest": {
        "type": "object",
        "properties": {
          "date": {
            "type": "string",
            "format": "date"
          }
        }
      },
      "AvailabilityAt": {
        "type": "object",
        "properties": {
          "timeId": {
            "type": "string",
            "format": "date-time"
          },
          "isFree": {
            "type": "boolean"
          }
        }
      },
      "RoomFilterRequest": {
        "type": "object",
        "properties": {
          "from": {
            "type": "string",
            "format": "date-time"
          },
          "to": {
            "type": "string",
            "format": "date-time"
          },
          "buildingName": {
            "type": "string"
          },
          "roomType": {
            "type": "string",
            "enum": [
              "LECTURE_ROOM",
              "WORKSHOP",
              "COMPUTERS_ROOM",
              "CHEMISTRY_LABORATORY",
              "OFFICE"
            ]
          },
          "isProjector": {
            "type": "boolean"
          },
          "minPlaces": {
            "type": "integer",
            "format": "int32"
          },
          "maxPlaces": {
            "type": "integer",
            "format": "int32"
          }
        }
      },
      "BuildingWithRoomsResponse": {
        "type": "object",
        "properties": {
          "building": {
            "$ref": "#/components/schemas/Building"
          },
          "rooms": {
            "type": "array",
            "items": {
              "$ref": "#/components/schemas/Room"
            }
          },
          "roomsCount": {
            "type": "integer",
            "format": "int32"
          }
        }
      }
    }
  }
}